{"cameraMode":{"drawMode":0,"name":"Shaded","section":"Shading Mode"},"sceneLighting":true,"audioPlay":false,"sceneViewState":{"showFog":true,"showMaterialUpdate":true,"showSkybox":true,"showFlares":true,"showImageEffects":true,"showParticleSystems":true},"in2DMode":false,"pivot":{"x":2.4579131603240969,"y":5.265214920043945,"z":4.807310104370117},"rotation":{"x":-0.0749698281288147,"y":0.08425693213939667,"z":-0.006357152946293354,"w":-0.9936056733131409},"size":14.076754570007325,"orthographic":false}